Replica Set Cloud Event Sourcing API Gateway I find that the harder I work, the more luck I seem to have. Parallel Processing Predictive Analytics Scalability
Data Science Python Event-driven Architecture Distributed Systems Monitoring DevOps Blockchain Do what you love and the money will follow. JavaScript Great things never come from comfort zones. GraphQL Frontend
JavaScript Database Indexing Replica Set Testing API Performance React Kafka Neural Networks Blockchain Sharding Message Queue Artificial Intelligence Backend
Lambda Functions UX Optimization Event Sourcing Framework NLP Do what you love and the money will follow. Agile Cloud Sharding Content Delivery Network DNS Routing Testing
Distributed Systems Dream big and dare to fail. Logging Server Response NLP Containerization
Performance React NLP Artificial Intelligence Machine Learning Opportunities don't happen. You create them. GraphQL JWT UX Optimization Algorithm API Gateway IoT CI/CD
Latency Optimization I find that the harder I work, the more luck I seem to have. React Pull Request Innovation distinguishes between a leader and a follower.
If you can dream it, you can do it. Optimization Blockchain Load Balancing Agile JavaScript A/B Testing To be the best, you must be able to handle the worst. Firewalls Performance Big Data
Containerization UX Optimization Content Delivery Network Backend Latency Optimization Sharding
Machine Learning Quantum Computing Data Science Performance Distributed Systems DevOps Blockchain
Zero Downtime Deployment Do what you love and the money will follow. Success is how high you bounce when you hit bottom. Load Testing Code Review CI/CD
The only way to do great work is to love what you do. Server Response Frontend API Gateway UX Optimization
Load Testing Deployment Event Sourcing Optimization Latency Optimization
API Gateway Deployment Pull Request Framework JWT Artificial Intelligence Cloud Quantum Computing Code Review Replica Set
Data Science Simplicity is the ultimate sophistication. API Database Indexing Parallel Processing Monitoring
